source,id,title,price,currency,location,type,age,gender,url
avito.ma,https://www.avito.ma/fr/hay_boudir/animaux_de_ferme/Cheval_à_Vendre___Pur_Sang_Arabe_57505399,Cheval à Vendre / Pur Sang Arabe,30000,MAD,,Cheval,,,https://www.avito.ma/fr/hay_boudir/animaux_de_ferme/Cheval_à_Vendre___Pur_Sang_Arabe_57505399.htm
avito.ma,https://www.avito.ma/fr/autre_secteur/accessoires_pour_animaux/Selle_de_cheval_neuve_57494023,Selle de cheval neuve,3500,MAD,,Cheval,,,https://www.avito.ma/fr/autre_secteur/accessoires_pour_animaux/Selle_de_cheval_neuve_57494023.htm
avito.ma,https://www.avito.ma/fr/ancienne_médina/arts_et_collections/Deux_très_vieux_chevaux_de_bronze_57490827,Deux très vieux chevaux de bronze,1200,MAD,,Cheval,,,https://www.avito.ma/fr/ancienne_médina/arts_et_collections/Deux_très_vieux_chevaux_de_bronze_57490827.htm
avito.ma,https://www.avito.ma/fr/akioud/arts_et_collections/Tableau_décoratif_de_cheval_70_50_57474198,Tableau décoratif de cheval 70/50,3200,MAD,,Cheval,,,https://www.avito.ma/fr/akioud/arts_et_collections/Tableau_décoratif_de_cheval_70_50_57474198.htm
avito.ma,https://www.avito.ma/fr/autre_secteur/jardin/Pompe_3_chevaux_220V_57471825,Pompe 3 chevaux 220V,1500,MAD,,Cheval,,,https://www.avito.ma/fr/autre_secteur/jardin/Pompe_3_chevaux_220V_57471825.htm
avito.ma,https://www.avito.ma/fr/akioud/arts_et_collections/Tableau_décoratif_de_cheval_70_50_57474066,Tableau décoratif de cheval 70/50,3200,MAD,,Cheval,,,https://www.avito.ma/fr/akioud/arts_et_collections/Tableau_décoratif_de_cheval_70_50_57474066.htm
avito.ma,https://www.avito.ma/fr/autre_secteur/arts_et_collections/Sacoche_de_selle_pour_cheval_57469866,Sacoche de selle pour cheval,1300,MAD,,Cheval,,,https://www.avito.ma/fr/autre_secteur/arts_et_collections/Sacoche_de_selle_pour_cheval_57469866.htm
avito.ma,https://www.avito.ma/fr/abbadi/animaux_de_ferme/Selle_de_cheval_57459860,Selle de cheval,2500,MAD,,Cheval,,,https://www.avito.ma/fr/abbadi/animaux_de_ferme/Selle_de_cheval_57459860.htm
avito.ma,https://www.avito.ma/fr/centre_ville/vêtements/jacket_ferrari_rouge_57510316,jacket ferrari rouge,1000,MAD,,Cheval,,,https://www.avito.ma/fr/centre_ville/vêtements/jacket_ferrari_rouge_57510316.htm
avito.ma,https://www.avito.ma/fr/sefrou/fourgon_et_minibus/Iveco_Daily_57501771,Iveco Daily,225000,MAD,,Cheval,,,https://www.avito.ma/fr/sefrou/fourgon_et_minibus/Iveco_Daily_57501771.htm
avito.ma,https://www.avito.ma/fr/abbadi/animaux_de_ferme/Selle_de_cheval_57459860,Selle de cheval,2500,MAD,,Cheval,,,https://www.avito.ma/fr/abbadi/animaux_de_ferme/Selle_de_cheval_57459860.htm
avito.ma,https://www.avito.ma/fr/akioud/arts_et_collections/Tableau_décoratif_de_cheval_70_50_57474066,Tableau décoratif de cheval 70/50,3200,MAD,,Cheval,,,https://www.avito.ma/fr/akioud/arts_et_collections/Tableau_décoratif_de_cheval_70_50_57474066.htm
avito.ma,https://www.avito.ma/fr/oulfa/décoration/Casablanca_El_Haj_Fatih_57477444,Casablanca El Haj Fatih,3000,MAD,,Cheval,,,https://www.avito.ma/fr/oulfa/décoration/Casablanca_El_Haj_Fatih_57477444.htm
avito.ma,https://www.avito.ma/fr/akioud/arts_et_collections/Tableau_décoratif_de_cheval_70_50_57474198,Tableau décoratif de cheval 70/50,3200,MAD,,Cheval,,,https://www.avito.ma/fr/akioud/arts_et_collections/Tableau_décoratif_de_cheval_70_50_57474198.htm
avito.ma,https://www.avito.ma/fr/akioud/arts_et_collections/Tableau_décoratif_de_cheval_70_50_57474066,Tableau décoratif de cheval 70/50,3200,MAD,,Cheval,,,https://www.avito.ma/fr/akioud/arts_et_collections/Tableau_décoratif_de_cheval_70_50_57474066.htm
avito.ma,https://www.avito.ma/fr/autre_secteur/jardin/Pompe_3_chevaux_220V_57471825,Pompe 3 chevaux 220V,1500,MAD,,Cheval,,,https://www.avito.ma/fr/autre_secteur/jardin/Pompe_3_chevaux_220V_57471825.htm
avito.ma,https://www.avito.ma/fr/mers_sultan/cordes/Guitare_Cordoba_Electro_classique_57470417,Guitare Cordoba Electro-classique,1300,MAD,,Cheval,,,https://www.avito.ma/fr/mers_sultan/cordes/Guitare_Cordoba_Electro_classique_57470417.htm
avito.ma,https://www.avito.ma/fr/autre_secteur/arts_et_collections/Sacoche_de_selle_pour_cheval_57469866,Sacoche de selle pour cheval,1300,MAD,,Cheval,,,https://www.avito.ma/fr/autre_secteur/arts_et_collections/Sacoche_de_selle_pour_cheval_57469866.htm
avito.ma,https://www.avito.ma/fr/abbadi/animaux_de_ferme/Selle_de_cheval_57459860,Selle de cheval,2500,MAD,,Cheval,,,https://www.avito.ma/fr/abbadi/animaux_de_ferme/Selle_de_cheval_57459860.htm
avito.ma,https://www.avito.ma/fr/hay_moulay_rachid/fourgon_et_minibus/Ford_Tourneo_modèle_2009_57459180,Ford Tourneo modèle 2009,70000,MAD,,Cheval,,,https://www.avito.ma/fr/hay_moulay_rachid/fourgon_et_minibus/Ford_Tourneo_modèle_2009_57459180.htm
avito.ma,https://www.avito.ma/fr/abouab_sala/autre_matériel_professionel/Groupe_électrogène_57444635,Groupe électrogène,8500,MAD,,Cheval,,,https://www.avito.ma/fr/abouab_sala/autre_matériel_professionel/Groupe_électrogène_57444635.htm
avito.ma,https://www.avito.ma/fr/yacoub_el_mansour/cordes/Violon_4_4_Taille_Entière_57444526,Violon 4/4 Taille Entière,2000,MAD,,Cheval,,,https://www.avito.ma/fr/yacoub_el_mansour/cordes/Violon_4_4_Taille_Entière_57444526.htm
avito.ma,https://www.avito.ma/fr/el_qaria/animaux_de_ferme/violent_avec_cheval_57396813,violent avec cheval,2800,MAD,,Cheval,,,https://www.avito.ma/fr/el_qaria/animaux_de_ferme/violent_avec_cheval_57396813.htm
avito.ma,https://www.avito.ma/fr/mechra_bel_ksiri/animaux_de_ferme/Sidi_Kacem_Harrouch_57435272,Sidi Kacem Harrouch,10000,MAD,,Cheval,,,https://www.avito.ma/fr/mechra_bel_ksiri/animaux_de_ferme/Sidi_Kacem_Harrouch_57435272.htm
avito.ma,https://www.avito.ma/fr/aouama_gharbia/matériel_agricole/_Hammer_mill__Molino_Martillos__broyeur_concassur__57429824,(Hammer mill)(Molino Martillos)(broyeur concassur),20000,MAD,,Cheval,,,https://www.avito.ma/fr/aouama_gharbia/matériel_agricole/_Hammer_mill__Molino_Martillos__broyeur_concassur__57429824.htm
avito.ma,https://www.avito.ma/fr/sidi_youssef_ben_ali/appartements/Résidence_Noha_2_Sidi_Youssef_Ben_Ali_57418875,Résidence Noha 2 Sidi Youssef Ben Ali,60000,MAD,,Cheval,,,https://www.avito.ma/fr/sidi_youssef_ben_ali/appartements/Résidence_Noha_2_Sidi_Youssef_Ben_Ali_57418875.htm
avito.ma,https://www.avito.ma/fr/route_d_el_jadida/animaux_de_ferme/Cheval_barbe_arabe_à_vendre_57354776,Cheval barbe arabe à vendre,60000,MAD,,Cheval,,,https://www.avito.ma/fr/route_d_el_jadida/animaux_de_ferme/Cheval_barbe_arabe_à_vendre_57354776.htm
avito.ma,https://www.avito.ma/fr/belvédère/arts_et_collections/Très_beau_Spectre_de_gondolier_antique_57401660,Très beau Spectre de gondolier antique,1750,MAD,,Cheval,,,https://www.avito.ma/fr/belvédère/arts_et_collections/Très_beau_Spectre_de_gondolier_antique_57401660.htm
avito.ma,https://www.avito.ma/fr/route_d_el_jadida/animaux_de_ferme/Cheval_barbe_arabe_à_vendre_57354776,Cheval barbe arabe à vendre,60000,MAD,,Cheval,,,https://www.avito.ma/fr/route_d_el_jadida/animaux_de_ferme/Cheval_barbe_arabe_à_vendre_57354776.htm
avito.ma,https://www.avito.ma/fr/salé/animaux_de_ferme/Arabe_Barbe_57378384,Arabe Barbe,30000,MAD,,Cheval,,,https://www.avito.ma/fr/salé/animaux_de_ferme/Arabe_Barbe_57378384.htm
avito.ma,https://www.avito.ma/fr/autre_secteur/jardin/Pompe_3_chevaux_220V_57343754,Pompe 3 chevaux 220V,1450,MAD,,Cheval,,,https://www.avito.ma/fr/autre_secteur/jardin/Pompe_3_chevaux_220V_57343754.htm
avito.ma,https://www.avito.ma/fr/sidi_bernoussi/matériel_agricole/Motoculture_57377284,Motoculture,25000,MAD,,Cheval,,,https://www.avito.ma/fr/sidi_bernoussi/matériel_agricole/Motoculture_57377284.htm
avito.ma,https://www.avito.ma/fr/autre_secteur/autre_matériel_professionel/REGINI_MLI7A_57350033,REGINI MLI7A,35000,MAD,,Cheval,,,https://www.avito.ma/fr/autre_secteur/autre_matériel_professionel/REGINI_MLI7A_57350033.htm
avito.ma,https://www.avito.ma/fr/route_d_el_jadida/animaux_de_ferme/Cheval_barbe_arabe_à_vendre_57354776,Cheval barbe arabe à vendre,60000,MAD,,Cheval,,,https://www.avito.ma/fr/route_d_el_jadida/animaux_de_ferme/Cheval_barbe_arabe_à_vendre_57354776.htm
avito.ma,https://www.avito.ma/fr/autre_secteur/animaux_domestique/Environs_de_Ben_Slimane_57345933,Environs de Ben Slimane,35000,MAD,,Cheval,,,https://www.avito.ma/fr/autre_secteur/animaux_domestique/Environs_de_Ben_Slimane_57345933.htm
avito.ma,https://www.avito.ma/fr/autre_secteur/jardin/Pompe_3_chevaux_220V_57343754,Pompe 3 chevaux 220V,1450,MAD,,Cheval,,,https://www.avito.ma/fr/autre_secteur/jardin/Pompe_3_chevaux_220V_57343754.htm
avito.ma,https://www.avito.ma/fr/chichaoua/terrains_et_fermes/Ferme_à_vendre_6_hectares_avec_puits_de_1_mètre_de_large_et_cour_57343102,Ferme à vendre 6 hectares avec puits de 1 mètre de large et cour,650000,MAD,,Cheval,,,https://www.avito.ma/fr/chichaoua/terrains_et_fermes/Ferme_à_vendre_6_hectares_avec_puits_de_1_mètre_de_large_et_cour_57343102.htm
avito.ma,https://www.avito.ma/fr/chichaoua/terrains_et_fermes/Ferme_à_vendre_6_hectares_avec_puits_de_1_mètre_de_large_et_cour_57343102,Ferme à vendre 6 hectares avec puits de 1 mètre de large et cour,650000,MAD,,Cheval,,,https://www.avito.ma/fr/chichaoua/terrains_et_fermes/Ferme_à_vendre_6_hectares_avec_puits_de_1_mètre_de_large_et_cour_57343102.htm
avito.ma,https://www.avito.ma/fr/sidi_ali_ben_hamdouche/accessoires_pour_animaux/Mangeoires_chevaux_57294757,Mangeoires chevaux,1000,MAD,,Cheval,,,https://www.avito.ma/fr/sidi_ali_ben_hamdouche/accessoires_pour_animaux/Mangeoires_chevaux_57294757.htm
avito.ma,https://www.avito.ma/fr/autre_secteur/animaux_de_ferme/Selles_de_chevaux_57292600,Selles de chevaux,2500,MAD,,Cheval,,,https://www.avito.ma/fr/autre_secteur/animaux_de_ferme/Selles_de_chevaux_57292600.htm
avito.ma,https://www.avito.ma/fr/oasis/jouets/Cheval_à_bascule_57285612,Cheval à bascule,600,MAD,,Cheval,,,https://www.avito.ma/fr/oasis/jouets/Cheval_à_bascule_57285612.htm
avito.ma,https://www.avito.ma/fr/aïn_chock/arts_et_collections/Ensemble_d_antiquités_en_cuivre__pièce_de_chevalerie_et_étoile_à_six_branches_57307754,"Ensemble d'antiquités en cuivre, pièce de chevalerie et étoile à six branches",1000,MAD,,Cheval,,,https://www.avito.ma/fr/aïn_chock/arts_et_collections/Ensemble_d_antiquités_en_cuivre__pièce_de_chevalerie_et_étoile_à_six_branches_57307754.htm
avito.ma,https://www.avito.ma/fr/sidi_ali_ben_hamdouche/accessoires_pour_animaux/Mangeoires_chevaux_57294757,Mangeoires chevaux,1000,MAD,,Cheval,,,https://www.avito.ma/fr/sidi_ali_ben_hamdouche/accessoires_pour_animaux/Mangeoires_chevaux_57294757.htm
avito.ma,https://www.avito.ma/fr/autre_secteur/animaux_de_ferme/Selles_de_chevaux_57292600,Selles de chevaux,2500,MAD,,Cheval,,,https://www.avito.ma/fr/autre_secteur/animaux_de_ferme/Selles_de_chevaux_57292600.htm
avito.ma,https://www.avito.ma/fr/al_qods/pièces_et_accessoires_pour_véhicules/Moteur_électrique_3Hp_57292272,Moteur électrique 3Hp,1500,MAD,,Cheval,,,https://www.avito.ma/fr/al_qods/pièces_et_accessoires_pour_véhicules/Moteur_électrique_3Hp_57292272.htm
avito.ma,https://www.avito.ma/fr/massira_3/gaming/Ghost_of_Yotei____Collector_s_Edition___PS5_57271059,Ghost of Yotei™ – Collector’s Edition – PS5,3797,MAD,,Cheval,,,https://www.avito.ma/fr/massira_3/gaming/Ghost_of_Yotei____Collector_s_Edition___PS5_57271059.htm
avito.ma,https://www.avito.ma/fr/mellila/terrains_et_fermes/Terrain_titre_foncier_à_vendre_à_Benslimane_57257095,Terrain titre foncier à vendre à Benslimane,600000,MAD,,Cheval,,,https://www.avito.ma/fr/mellila/terrains_et_fermes/Terrain_titre_foncier_à_vendre_à_Benslimane_57257095.htm
avito.ma,https://www.avito.ma/fr/sidi_kacem/jardin/Équipements_de_puits_57255299,Équipements de puits,4000,MAD,,Cheval,,,https://www.avito.ma/fr/sidi_kacem/jardin/Équipements_de_puits_57255299.htm
avito.ma,https://www.avito.ma/fr/el_qaria/animaux_de_ferme/Pouliche_Arab_Barb_57216982,Pouliche Arab-Barb,9000,MAD,,Cheval,,,https://www.avito.ma/fr/el_qaria/animaux_de_ferme/Pouliche_Arab_Barb_57216982.htm
avito.ma,https://www.avito.ma/fr/el_qaria/animaux_de_ferme/Pouliche_Arab_Barb_57216982,Pouliche Arab-Barb,9000,MAD,,Cheval,,,https://www.avito.ma/fr/el_qaria/animaux_de_ferme/Pouliche_Arab_Barb_57216982.htm
avito.ma,https://www.avito.ma/fr/hay_boudir/cordes/Violon_4_4_en_bois_massif_56916603,Violon 4/4 en bois massif,950,MAD,,Cheval,,,https://www.avito.ma/fr/hay_boudir/cordes/Violon_4_4_en_bois_massif_56916603.htm
avito.ma,https://www.avito.ma/fr/autre_secteur/animaux_domestique/Cheval_pur_sang_arabe_avec_pedigree_57176882,Cheval pur-sang arabe avec pedigree,45000,MAD,,Cheval,,,https://www.avito.ma/fr/autre_secteur/animaux_domestique/Cheval_pur_sang_arabe_avec_pedigree_57176882.htm
avito.ma,https://www.avito.ma/fr/foum_el_oued/animaux_domestique/Cheval_double_poney_57159389,Cheval double poney,3000,MAD,,Cheval,,,https://www.avito.ma/fr/foum_el_oued/animaux_domestique/Cheval_double_poney_57159389.htm
avito.ma,https://www.avito.ma/fr/figuig/animaux_de_ferme/Cheval_à_vendre_57152628,Cheval à vendre,6000,MAD,,Cheval,,,https://www.avito.ma/fr/figuig/animaux_de_ferme/Cheval_à_vendre_57152628.htm
avito.ma,https://www.avito.ma/fr/taourirt/fourgon_et_minibus/Kia_Pregio_Diesel_Manuelle_1996_à_Taourirt_56310469,Kia Pregio Diesel Manuelle 1996 à Taourirt,60000,MAD,,Cheval,,,https://www.avito.ma/fr/taourirt/fourgon_et_minibus/Kia_Pregio_Diesel_Manuelle_1996_à_Taourirt_56310469.htm
avito.ma,https://www.avito.ma/fr/autre_secteur/autre_matériel_professionel/Compresseur_silencieux_100L_Monophasé_3_HP_GTS_Pro_57154030,Compresseur silencieux 100L Monophasé 3 HP GTS Pro,5400,MAD,,Cheval,,,https://www.avito.ma/fr/autre_secteur/autre_matériel_professionel/Compresseur_silencieux_100L_Monophasé_3_HP_GTS_Pro_57154030.htm
avito.ma,https://www.avito.ma/fr/hamza/matériel_agricole/Tronçonneuse_Alpina_ACS_538__14__38_5cc_Barre_35cm_1_6kW_57145729,Tronçonneuse Alpina ACS 538 (14) 38.5cc Barre 35cm 1.6kW,1500,MAD,,Cheval,,,https://www.avito.ma/fr/hamza/matériel_agricole/Tronçonneuse_Alpina_ACS_538__14__38_5cc_Barre_35cm_1_6kW_57145729.htm
avito.ma,https://www.avito.ma/fr/abi_horaira/arts_et_collections/SELLE_CHEVAL_EN_CUIR_ET_GRAVURE_MAGNIFIQUE_57105469,SELLE CHEVAL EN CUIR ET GRAVURE MAGNIFIQUE,4500,MAD,,Cheval,,,https://www.avito.ma/fr/abi_horaira/arts_et_collections/SELLE_CHEVAL_EN_CUIR_ET_GRAVURE_MAGNIFIQUE_57105469.htm
avito.ma,https://www.avito.ma/fr/sidi_allal_el_bahraoui/terrains_et_fermes/TERRAIN_ZONE_VILLA_57145037,TERRAIN ZONE VILLA,639000,MAD,,Cheval,,,https://www.avito.ma/fr/sidi_allal_el_bahraoui/terrains_et_fermes/TERRAIN_ZONE_VILLA_57145037.htm
avito.ma,https://www.avito.ma/fr/autre_secteur/pièces_et_accessoires_pour_véhicules/Nissan_Murano_Z50_joint_de_culasse_HS_57139072,Nissan Murano Z50 joint de culasse HS,25000,MAD,,Cheval,,,https://www.avito.ma/fr/autre_secteur/pièces_et_accessoires_pour_véhicules/Nissan_Murano_Z50_joint_de_culasse_HS_57139072.htm
avito.ma,https://www.avito.ma/fr/route_d_ourika/jouets/Lot_de_17_pieces_57125473,Lot de 17 pieces,1200,MAD,,Cheval,,,https://www.avito.ma/fr/route_d_ourika/jouets/Lot_de_17_pieces_57125473.htm
avito.ma,https://www.avito.ma/fr/ait_baha/fourgon_et_minibus/Voiture_Trafic_57113450,Voiture Trafic,42000,MAD,,Cheval,,,https://www.avito.ma/fr/ait_baha/fourgon_et_minibus/Voiture_Trafic_57113450.htm
avito.ma,https://www.avito.ma/fr/khénifra/animaux_domestique/Cheval_à_vendre_57106701,Cheval à vendre,15000,MAD,,Cheval,,,https://www.avito.ma/fr/khénifra/animaux_domestique/Cheval_à_vendre_57106701.htm
avito.ma,https://www.avito.ma/fr/abi_horaira/arts_et_collections/SELLE_CHEVAL_EN_CUIR_ET_GRAVURE_MAGNIFIQUE_57105469,SELLE CHEVAL EN CUIR ET GRAVURE MAGNIFIQUE,4500,MAD,,Cheval,,,https://www.avito.ma/fr/abi_horaira/arts_et_collections/SELLE_CHEVAL_EN_CUIR_ET_GRAVURE_MAGNIFIQUE_57105469.htm
avito.ma,https://www.avito.ma/fr/al_boustane/animation/Billets_de_spectacle_salon_de_cheval_57022313,Billets de spectacle salon de cheval,800,MAD,,Cheval,,,https://www.avito.ma/fr/al_boustane/animation/Billets_de_spectacle_salon_de_cheval_57022313.htm
avito.ma,https://www.avito.ma/fr/al_boustane/animation/Billets_de_spectacle_salon_de_cheval_57022313,Billets de spectacle salon de cheval,800,MAD,,Cheval,,,https://www.avito.ma/fr/al_boustane/animation/Billets_de_spectacle_salon_de_cheval_57022313.htm
avito.ma,https://www.avito.ma/fr/abdelmoumen/décoration/Tableau_en_Résine_Neuf___Cheval_royal_91cm___60cm_57017658,Tableau en Résine Neuf / Cheval royal 91cm / 60cm,1600,MAD,,Cheval,,,https://www.avito.ma/fr/abdelmoumen/décoration/Tableau_en_Résine_Neuf___Cheval_royal_91cm___60cm_57017658.htm
avito.ma,https://www.avito.ma/fr/tamallalt/terrains_et_fermes/Terrain_agricole_57053242,Terrain agricole,400000,MAD,,Cheval,,,https://www.avito.ma/fr/tamallalt/terrains_et_fermes/Terrain_agricole_57053242.htm
avito.ma,https://www.avito.ma/fr/sidi_abdelkarim/autres_matériels_electroniques/Générateur_électrique_57048506,Générateur électrique,8000,MAD,,Cheval,,,https://www.avito.ma/fr/sidi_abdelkarim/autres_matériels_electroniques/Générateur_électrique_57048506.htm
avito.ma,https://www.avito.ma/fr/al_boustane/voyages_et_billetterie/4_tickets_premium_spectacle_salon_de_cheval_57021799,4 tickets premium spectacle salon de cheval,1800,MAD,,Cheval,,,https://www.avito.ma/fr/al_boustane/voyages_et_billetterie/4_tickets_premium_spectacle_salon_de_cheval_57021799.htm
avito.ma,https://www.avito.ma/fr/abdelmoumen/décoration/Tableau_en_Résine_Neuf___Cheval_royal_91cm___60cm_57017658,Tableau en Résine Neuf / Cheval royal 91cm / 60cm,1600,MAD,,Cheval,,,https://www.avito.ma/fr/abdelmoumen/décoration/Tableau_en_Résine_Neuf___Cheval_royal_91cm___60cm_57017658.htm
avito.ma,https://www.avito.ma/fr/oulfa/accessoires_pour_animaux/Scelle_western_56987170,Scelle western,2500,MAD,,Cheval,,,https://www.avito.ma/fr/oulfa/accessoires_pour_animaux/Scelle_western_56987170.htm
avito.ma,https://www.avito.ma/fr/boumia/terrains_et_fermes/Terrain_agricole_à_vendre_à_Boumia_équipé_d_arbres_à_amande_56976160,Terrain agricole à vendre à Boumia équipé d'arbres à amande,670000,MAD,,Cheval,,,https://www.avito.ma/fr/boumia/terrains_et_fermes/Terrain_agricole_à_vendre_à_Boumia_équipé_d_arbres_à_amande_56976160.htm
avito.ma,https://www.avito.ma/fr/ourika/fourgon_et_minibus/Iveco_Daily_56968408,Iveco Daily,160000,MAD,,Cheval,,,https://www.avito.ma/fr/ourika/fourgon_et_minibus/Iveco_Daily_56968408.htm
avito.ma,https://www.avito.ma/fr/autre_secteur/autre_matériel_professionel/Tendeuse_pour_mouton_____56958139,Tendeuse pour mouton 🐑 ,4500,MAD,,Cheval,,,https://www.avito.ma/fr/autre_secteur/autre_matériel_professionel/Tendeuse_pour_mouton_____56958139.htm
avito.ma,https://www.avito.ma/fr/autre_secteur/arts_et_collections/Statue_en_cuivre_sur_marbre_un_chariot_romain_56951966,Statue en cuivre sur marbre un chariot romain,1500,MAD,,Cheval,,,https://www.avito.ma/fr/autre_secteur/arts_et_collections/Statue_en_cuivre_sur_marbre_un_chariot_romain_56951966.htm
avito.ma,https://www.avito.ma/fr/souissi/animaux_de_ferme/_2_Cheveaux_Fantasia_en_bronze_émaillé__56926165, 2 Cheveaux Fantasia en bronze émaillé ,24000,MAD,,Cheval,,,https://www.avito.ma/fr/souissi/animaux_de_ferme/_2_Cheveaux_Fantasia_en_bronze_émaillé__56926165.htm
avito.ma,https://www.avito.ma/fr/afaq/animaux_domestique/cheval_pur_sang_arabe__56868854,cheval pur sang arabe ,22000,MAD,,Cheval,,,https://www.avito.ma/fr/afaq/animaux_domestique/cheval_pur_sang_arabe__56868854.htm
avito.ma,https://www.avito.ma/fr/wifak/arts_et_collections/Statuette_décorative_Cheval_cabré_Argenté_40x30cm_56853661,Statuette décorative Cheval cabré Argenté 40x30cm,2300,MAD,,Cheval,,,https://www.avito.ma/fr/wifak/arts_et_collections/Statuette_décorative_Cheval_cabré_Argenté_40x30cm_56853661.htm
avito.ma,https://www.avito.ma/fr/sidi_yahya/terrains_et_fermes/Terrain_à_2km_du_rond_point_sahb_al_khil_56806640,Terrain à 2km du rond point sahb al khil,300000,MAD,,Cheval,,,https://www.avito.ma/fr/sidi_yahya/terrains_et_fermes/Terrain_à_2km_du_rond_point_sahb_al_khil_56806640.htm
avito.ma,https://www.avito.ma/fr/béni_mellal/accessoires_pour_animaux/selle_cheval__56827007,selle cheval ,5000,MAD,,Cheval,,,https://www.avito.ma/fr/béni_mellal/accessoires_pour_animaux/selle_cheval__56827007.htm
avito.ma,https://www.avito.ma/fr/sidi_allal_el_bahraoui/animaux_de_ferme/_cheval__jument_et_poulain_pure_sang_arabe_sorec__56812161," cheval, jument et poulain pure sang arabe sorec ",20000,MAD,,Cheval,,,https://www.avito.ma/fr/sidi_allal_el_bahraoui/animaux_de_ferme/_cheval__jument_et_poulain_pure_sang_arabe_sorec__56812161.htm
avito.ma,https://www.avito.ma/fr/autre_secteur/animaux_de_ferme/sellerie_de_cheval____complete___56786862,sellerie de cheval 🐴 complete  ,5000,MAD,,Cheval,,,https://www.avito.ma/fr/autre_secteur/animaux_de_ferme/sellerie_de_cheval____complete___56786862.htm
avito.ma,https://www.avito.ma/fr/autre_secteur/autres_accessoires_de_mode/selle_de_cheval____avec_Étriers_de_sécurité_56786837,selle de cheval 🐴 avec Étriers de sécurité,2500,MAD,,Cheval,,,https://www.avito.ma/fr/autre_secteur/autres_accessoires_de_mode/selle_de_cheval____avec_Étriers_de_sécurité_56786837.htm
avito.ma,https://www.avito.ma/fr/centre/arts_et_collections/Statut_de_cheval_en_Résine__poly_résine__56773876,Statut de cheval en Résine (poly-résine),3000,MAD,,Cheval,,,https://www.avito.ma/fr/centre/arts_et_collections/Statut_de_cheval_en_Résine__poly_résine__56773876.htm
avito.ma,https://www.avito.ma/fr/souissi/autre_équipement_pour_bébé_et_enfant/Lot_articles_pour_bébé_en_très_bon_état_56758998,Lot articles pour bébé en très bon état,3500,MAD,,Cheval,,,https://www.avito.ma/fr/souissi/autre_équipement_pour_bébé_et_enfant/Lot_articles_pour_bébé_en_très_bon_état_56758998.htm
avito.ma,https://www.avito.ma/fr/route_de_ouarzazate/animaux_de_ferme/chevale__libgah_marhba_56744919,chevale  libgah marhba,9000,MAD,,Cheval,,,https://www.avito.ma/fr/route_de_ouarzazate/animaux_de_ferme/chevale__libgah_marhba_56744919.htm
avito.ma,https://www.avito.ma/fr/abbadi/accessoires_pour_animaux/scellé_pour_cheval__56727003,scellé pour cheval ,6000,MAD,,Cheval,,,https://www.avito.ma/fr/abbadi/accessoires_pour_animaux/scellé_pour_cheval__56727003.htm
avito.ma,https://www.avito.ma/fr/khénifra/autre_matériel_professionel/Groupe_électrogène__56723863,Groupe électrogène ,7500,MAD,,Cheval,,,https://www.avito.ma/fr/khénifra/autre_matériel_professionel/Groupe_électrogène__56723863.htm
avito.ma,https://www.avito.ma/fr/zone_industrielle_moulay_rachid/animaux_de_ferme/pouliche_pur_sang_arabe_56687559,pouliche pur sang arabe,50000,MAD,,Cheval,,,https://www.avito.ma/fr/zone_industrielle_moulay_rachid/animaux_de_ferme/pouliche_pur_sang_arabe_56687559.htm
avito.ma,https://www.avito.ma/fr/sidi_slimane/autre_matériel_professionel/moteur_chambre_a_froid__56685942,moteur chambre a froid ,11000,MAD,,Cheval,,,https://www.avito.ma/fr/sidi_slimane/autre_matériel_professionel/moteur_chambre_a_froid__56685942.htm
avito.ma,https://www.avito.ma/fr/hay_lazaret/equipement_sportif/Gillet_de_protection_équitation__56627265,Gillet de protection équitation ,650,MAD,,Cheval,,,https://www.avito.ma/fr/hay_lazaret/equipement_sportif/Gillet_de_protection_équitation__56627265.htm
avito.ma,https://www.avito.ma/fr/hay_al_kamal/autre_matériel_professionel/حي_الكمال__56623455,حي الكمال ,7000,MAD,,Cheval,,,https://www.avito.ma/fr/hay_al_kamal/autre_matériel_professionel/حي_الكمال__56623455.htm
avito.ma,https://www.avito.ma/fr/ville_verte/décoration/___Sculpture_cheval_noir____Taille_réelle_56553225,🐎 Sculpture cheval noir  – Taille réelle,45000,MAD,,Cheval,,,https://www.avito.ma/fr/ville_verte/décoration/___Sculpture_cheval_noir____Taille_réelle_56553225.htm
avito.ma,https://www.avito.ma/fr/aïn_chock/arts_et_collections/2_Tableau_signé_56551758,2 Tableau signé,4300,MAD,,Cheval,,,https://www.avito.ma/fr/aïn_chock/arts_et_collections/2_Tableau_signé_56551758.htm
avito.ma,https://www.avito.ma/fr/hay_ennasr/animaux_de_ferme/Cheval_pur_sang_arabe_56470047,Cheval pur-sang arabe,13000,MAD,,Cheval,,,https://www.avito.ma/fr/hay_ennasr/animaux_de_ferme/Cheval_pur_sang_arabe_56470047.htm
avito.ma,https://www.avito.ma/fr/hay_alqods/accessoires_pour_animaux/bridons_du_cheval__56473176,bridons du cheval ,550,MAD,,Cheval,,,https://www.avito.ma/fr/hay_alqods/accessoires_pour_animaux/bridons_du_cheval__56473176.htm
avito.ma,https://www.avito.ma/fr/hay_ennasr/animaux_de_ferme/Cheval_pur_sang_arabe_56470047,Cheval pur-sang arabe,13000,MAD,,Cheval,,,https://www.avito.ma/fr/hay_ennasr/animaux_de_ferme/Cheval_pur_sang_arabe_56470047.htm
avito.ma,https://www.avito.ma/fr/dakhla/animaux_domestique/Cheval_de_tbourida_56440663,Cheval de tbourida,15000,MAD,,Cheval,,,https://www.avito.ma/fr/dakhla/animaux_domestique/Cheval_de_tbourida_56440663.htm
avito.ma,https://www.avito.ma/fr/tamraght/tapis/PANNEAU_MURAL_TAPISSERIE_FRANCAISE_JP_GOBELIN_56419589,PANNEAU MURAL TAPISSERIE FRANCAISE JP GOBELIN,4000,MAD,,Cheval,,,https://www.avito.ma/fr/tamraght/tapis/PANNEAU_MURAL_TAPISSERIE_FRANCAISE_JP_GOBELIN_56419589.htm
avito.ma,https://www.avito.ma/fr/hay_fath/animaux_de_ferme/CHEVAL_DE_COURSE_ARABE_BARBE__56418415,CHEVAL DE COURSE ARABE BARBE ,15000,MAD,,Cheval,,,https://www.avito.ma/fr/hay_fath/animaux_de_ferme/CHEVAL_DE_COURSE_ARABE_BARBE__56418415.htm
avito.ma,https://www.avito.ma/fr/souani/pièces_et_accessoires_pour_véhicules/Moteur_hors_bord_Yamaha_20HP_56373881,Moteur hors-bord Yamaha 20HP,15000,MAD,,Cheval,,,https://www.avito.ma/fr/souani/pièces_et_accessoires_pour_véhicules/Moteur_hors_bord_Yamaha_20HP_56373881.htm
avito.ma,https://www.avito.ma/fr/hay_riad/jouets/Cheval_a_bascule_neuf_56351051,Cheval a bascule neuf,600,MAD,,Cheval,,,https://www.avito.ma/fr/hay_riad/jouets/Cheval_a_bascule_neuf_56351051.htm
avito.ma,https://www.avito.ma/fr/targa/décoration/Tableau_brodé_vintage_Cheval_au_bord_de_la_rivière_56308610,Tableau brodé vintage–Cheval au bord de la rivière,1700,MAD,,Cheval,,,https://www.avito.ma/fr/targa/décoration/Tableau_brodé_vintage_Cheval_au_bord_de_la_rivière_56308610.htm
avito.ma,https://www.avito.ma/fr/targa/arts_et_collections/Tableau_brodé_vintage__Scène_champêtre_aux_chevaux_56308506,Tableau brodé vintage –Scène champêtre aux chevaux,1700,MAD,,Cheval,,,https://www.avito.ma/fr/targa/arts_et_collections/Tableau_brodé_vintage__Scène_champêtre_aux_chevaux_56308506.htm
avito.ma,https://www.avito.ma/fr/oulfa/arts_et_collections/Tableaux_Artistique__56280782,Tableaux Artistique ,1500,MAD,,Cheval,,,https://www.avito.ma/fr/oulfa/arts_et_collections/Tableaux_Artistique__56280782.htm
avito.ma,https://www.avito.ma/fr/azemmour/animaux_domestique/CHEVAUX_PUR_SANG_ARABE_ET_PUR_SANG_ANGLAIS__56280366,CHEVAUX PUR SANG ARABE ET PUR SANG ANGLAIS ,60000,MAD,,Cheval,,,https://www.avito.ma/fr/azemmour/animaux_domestique/CHEVAUX_PUR_SANG_ARABE_ET_PUR_SANG_ANGLAIS__56280366.htm
avito.ma,https://www.avito.ma/fr/aharrarine/grand_electroménager/chevaux_Électrique_Ariston_50L_56264697,chevaux Électrique Ariston 50L,1000,MAD,,Cheval,,,https://www.avito.ma/fr/aharrarine/grand_electroménager/chevaux_Électrique_Ariston_50L_56264697.htm
avito.ma,https://www.avito.ma/fr/souani/arts_et_collections/Tableau_Peinture_Chevalerie_Fantasia_56259904,Tableau Peinture Chevalerie Fantasia,5000,MAD,,Cheval,,,https://www.avito.ma/fr/souani/arts_et_collections/Tableau_Peinture_Chevalerie_Fantasia_56259904.htm
avito.ma,https://www.avito.ma/fr/mimosas/arts_et_collections/Théière_metal_argenté_antiquité_marocain__56240840,Théière metal argenté antiquité marocain ,1500,MAD,,Cheval,,,https://www.avito.ma/fr/mimosas/arts_et_collections/Théière_metal_argenté_antiquité_marocain__56240840.htm
avito.ma,https://www.avito.ma/fr/autre_secteur/véhicules_frigorifiques/Chambre_froide_egatif_neuf_a_vendre_56228690,Chambre froide egatif neuf a vendre,50000,MAD,,Cheval,,,https://www.avito.ma/fr/autre_secteur/véhicules_frigorifiques/Chambre_froide_egatif_neuf_a_vendre_56228690.htm
avito.ma,https://www.avito.ma/fr/centre_ville/equipement_sportif/filet_d_équitation__56228541,filet d'équitation ,700,MAD,,Cheval,,,https://www.avito.ma/fr/centre_ville/equipement_sportif/filet_d_équitation__56228541.htm
avito.ma,https://www.avito.ma/fr/route_de_ouarzazate/matériel_agricole/pompe_eau__pour_puits_56212201,pompe eau  pour puits,20000,MAD,,Cheval,,,https://www.avito.ma/fr/route_de_ouarzazate/matériel_agricole/pompe_eau__pour_puits_56212201.htm
avito.ma,https://www.avito.ma/fr/centre_ville/equipement_sportif/selle_d_obstacle_Victoria__56180528,selle d'obstacle Victoria ,3000,MAD,,Cheval,,,https://www.avito.ma/fr/centre_ville/equipement_sportif/selle_d_obstacle_Victoria__56180528.htm
avito.ma,https://www.avito.ma/fr/bourgogne/arts_et_collections/tête_de_cheval__56129210,tête de cheval ,1100,MAD,,Cheval,,,https://www.avito.ma/fr/bourgogne/arts_et_collections/tête_de_cheval__56129210.htm
avito.ma,https://www.avito.ma/fr/bourgogne/arts_et_collections/Chevaux_en_harmonie_56129199,Chevaux en harmonie,1000,MAD,,Cheval,,,https://www.avito.ma/fr/bourgogne/arts_et_collections/Chevaux_en_harmonie_56129199.htm
avito.ma,https://www.avito.ma/fr/jbel_kbir/animaux_de_ferme/Cheval___prix_négociable_55407041,Cheval - prix négociable,30000,MAD,,Cheval,,,https://www.avito.ma/fr/jbel_kbir/animaux_de_ferme/Cheval___prix_négociable_55407041.htm
avito.ma,https://www.avito.ma/fr/bir_rami_ouest/animaux_de_ferme/selle_cheval_western__55413751,selle cheval western ,2800,MAD,,Cheval,,,https://www.avito.ma/fr/bir_rami_ouest/animaux_de_ferme/selle_cheval_western__55413751.htm
avito.ma,https://www.avito.ma/fr/autre_secteur/véhicules_frigorifiques/Chambre_froide_egatif_neuf_a_vendre_56228690,Chambre froide egatif neuf a vendre,50000,MAD,,Cheval,,,https://www.avito.ma/fr/autre_secteur/véhicules_frigorifiques/Chambre_froide_egatif_neuf_a_vendre_56228690.htm
avito.ma,https://www.avito.ma/fr/centre_ville/equipement_sportif/filet_d_équitation__56228541,filet d'équitation ,700,MAD,,Cheval,,,https://www.avito.ma/fr/centre_ville/equipement_sportif/filet_d_équitation__56228541.htm
avito.ma,https://www.avito.ma/fr/route_de_ouarzazate/matériel_agricole/pompe_eau__pour_puits_56212201,pompe eau  pour puits,20000,MAD,,Cheval,,,https://www.avito.ma/fr/route_de_ouarzazate/matériel_agricole/pompe_eau__pour_puits_56212201.htm
avito.ma,https://www.avito.ma/fr/centre_ville/equipement_sportif/selle_d_obstacle_Victoria__56180528,selle d'obstacle Victoria ,3000,MAD,,Cheval,,,https://www.avito.ma/fr/centre_ville/equipement_sportif/selle_d_obstacle_Victoria__56180528.htm
avito.ma,https://www.avito.ma/fr/massira/pièces_et_accessoires_pour_véhicules/post_radio_honda_civic_2006_2011_56177252,post radio honda civic 2006/2011,800,MAD,,Cheval,,,https://www.avito.ma/fr/massira/pièces_et_accessoires_pour_véhicules/post_radio_honda_civic_2006_2011_56177252.htm
avito.ma,https://www.avito.ma/fr/bourgogne/arts_et_collections/Chevaux_en_harmonie_56129199,Chevaux en harmonie,1000,MAD,,Cheval,,,https://www.avito.ma/fr/bourgogne/arts_et_collections/Chevaux_en_harmonie_56129199.htm
avito.ma,https://www.avito.ma/fr/bourgogne/arts_et_collections/tête_de_cheval__56129210,tête de cheval ,1100,MAD,,Cheval,,,https://www.avito.ma/fr/bourgogne/arts_et_collections/tête_de_cheval__56129210.htm
avito.ma,https://www.avito.ma/fr/sidi_othmane/pièces_et_accessoires_pour_véhicules/Poste_radio_et_lecteur_Cd_original_56098542,Poste radio et lecteur Cd original,800,MAD,,Cheval,,,https://www.avito.ma/fr/sidi_othmane/pièces_et_accessoires_pour_véhicules/Poste_radio_et_lecteur_Cd_original_56098542.htm
animalsouk.ma,Jument-%C3%A0-vendre,Jument à vendre,1,MAD,"casablanca
							

								●

							il y a 21 jours",Cheval,,,https://www.animalsouk.ma/Jument-%C3%A0-vendre
animalsouk.ma,Double-ponette-140cm-gentille-et-calme,Double ponette 140cm gentille et calme,6000,MAD,"azemmour
							

								●

							il y a 1 mois",Cheval,,,https://www.animalsouk.ma/Double-ponette-140cm-gentille-et-calme
animalsouk.ma,Jument-9-ans-arabe-barbe-pedigree,Jument 9 ans arabe barbe pedigree,14000,MAD,"azemmour
							

								●

							il y a 1 mois",Cheval,,,https://www.animalsouk.ma/Jument-9-ans-arabe-barbe-pedigree
animalsouk.ma,Jument-7-ans-pur-sang-arabe-pedigree,Jument 7 ans pur sang arabe pedigree,15000,MAD,"azemmour
							

								●

							il y a 1 mois",Cheval,,,https://www.animalsouk.ma/Jument-7-ans-pur-sang-arabe-pedigree
animalsouk.ma,Cheval-barb,Cheval barb,40000,MAD,"casablanca
							

								●

							il y a 2 mois",Cheval,,,https://www.animalsouk.ma/Cheval-barb
animalsouk.ma,Poulain-19-mois,Poulain 19 mois,25000,MAD,"missour
							

								●

							il y a 2 mois",Cheval,,,https://www.animalsouk.ma/Poulain-19-mois
animalsouk.ma,Jument-pur-sang-arabe-6-ans,Jument pur-sang arabe 6 ans,1,MAD,"khenifra
							

								●

							il y a 3 mois",Cheval,,,https://www.animalsouk.ma/Jument-pur-sang-arabe-6-ans
animalsouk.ma,%C3%82nes-a-vendre-sur-kenitra,Ânes a vendre sur kenitra,1200,MAD,"kenitra
							

								●

							il y a 4 mois",Cheval,,,https://www.animalsouk.ma/%C3%82nes-a-vendre-sur-kenitra
animalsouk.ma,Jument-4-ans,Jument 4 ans,33000,MAD,"missour
							

								●

							il y a 4 mois",Cheval,,,https://www.animalsouk.ma/Jument-4-ans
animalsouk.ma,CHEVAL-14448,CHEVAL,10,MAD,"bouskoura
							

								●

							il y a 9 mois",Cheval,,,https://www.animalsouk.ma/CHEVAL-14448
animalsouk.ma,Poney-Shetland-%C3%A0-vendre,Poney Shetland à vendre,15,MAD,"rabat
							

								●

							il y a 9 mois",Cheval,,,https://www.animalsouk.ma/Poney-Shetland-%C3%A0-vendre
animalsouk.ma,Superbe-Jument-Pur-Sang-Arabe,Superbe Jument Pur-Sang Arabe,25000,MAD,"oujda
							

								●

							il y a 10 mois",Cheval,,,https://www.animalsouk.ma/Superbe-Jument-Pur-Sang-Arabe
animalsouk.ma,Cheval-arabe-barbe-%28%C3%A9talon%29-de-saut-d%E2%80%99obstacle-%C3%A0-vendre,Cheval arabe barbe (étalon) de saut d’obstacle à vendre,110000,MAD,"casablanca
							

								●

							il y a 10 mois",Cheval,,,https://www.animalsouk.ma/Cheval-arabe-barbe-%28%C3%A9talon%29-de-saut-d%E2%80%99obstacle-%C3%A0-vendre
animalsouk.ma,Pur-sang-arabe-13720,Pur sang arabe,12000,MAD,"meknes
							

								●

							il y a 11 mois",Cheval,,,https://www.animalsouk.ma/Pur-sang-arabe-13720
animalsouk.ma,Jeda3-dham,Jeda3 dham,70,MAD,"kenitra
							

								●

							il y a 1 an",Cheval,,,https://www.animalsouk.ma/Jeda3-dham
animalsouk.ma,Double-poney,Double poney,9000,MAD,"berkane
							

								●

							il y a 1 an",Cheval,,,https://www.animalsouk.ma/Double-poney
animalsouk.ma,Jument-pur-sang-arabe,Jument pur sang arabe,60000,MAD,"skhirat
							

								●

							il y a 1 an",Cheval,,,https://www.animalsouk.ma/Jument-pur-sang-arabe
animalsouk.ma,Hongre-frison-de-sept-ans,Hongre frison de sept ans,17000,MAD,"casablanca
							

								●

							il y a 1 an",Cheval,,,https://www.animalsouk.ma/Hongre-frison-de-sept-ans
animalsouk.ma,%D8%A8%D9%8A%D8%B9-%D8%A7%D9%84%D8%AE%D9%8A%D9%84,بيع الخيل,20000,MAD,"kenitra
							

								●

							il y a 1 an",Cheval,,,https://www.animalsouk.ma/%D8%A8%D9%8A%D8%B9-%D8%A7%D9%84%D8%AE%D9%8A%D9%84
animalsouk.ma,Vitamines-paskacheval-cmv-%D8%AC%D9%85%D9%8A%D8%B9-%D9%81%D9%8A%D8%AA%D8%A7%D9%85%D9%8A%D9%86%D8%A7%D8%AA-%D8%A7%D9%84%D8%AE%D9%8A%D9%88%D9%84,Vitamines paskacheval cmv جميع فيتامينات الخيول,180,MAD,"bouznika
							

								●

							il y a 1 an",Cheval,,,https://www.animalsouk.ma/Vitamines-paskacheval-cmv-%D8%AC%D9%85%D9%8A%D8%B9-%D9%81%D9%8A%D8%AA%D8%A7%D9%85%D9%8A%D9%86%D8%A7%D8%AA-%D8%A7%D9%84%D8%AE%D9%8A%D9%88%D9%84
animalsouk.ma,%C3%89leveur-de-chevaux-vend-barbes-arabes-et-arabes-barbes,Éleveur de chevaux vend barbes arabes et arabes barbes,1,MAD,"had soualem
							

								●

							il y a 2 ans",Cheval,,,https://www.animalsouk.ma/%C3%89leveur-de-chevaux-vend-barbes-arabes-et-arabes-barbes
animalsouk.ma,Jument-arabe-barbre,Jument arabe barbre,45000,MAD,"marrakech
							

								●

							il y a 2 ans",Cheval,,,https://www.animalsouk.ma/Jument-arabe-barbre
animalsouk.ma,K%C3%A9nitra,Kénitra,3000,MAD,"kenitra
							

								●

							il y a 2 ans",Cheval,,,https://www.animalsouk.ma/K%C3%A9nitra
animalsouk.ma,Selle-pour-cheval,Selle pour cheval,2300,MAD,"agadir
							

								●

							il y a 2 ans",Cheval,,,https://www.animalsouk.ma/Selle-pour-cheval
animalsouk.ma,cheval-selle-fran%C3%A7ais,cheval selle français,180000,MAD,"casablanca
							

								●

							il y a 2 ans",Cheval,,,https://www.animalsouk.ma/cheval-selle-fran%C3%A7ais
animalsouk.ma,Jument-+-poulain-%C3%A0-vendre,Jument + poulain à vendre,4000,MAD,"nador
							

								●

							il y a 2 ans",Cheval,,,https://www.animalsouk.ma/Jument-+-poulain-%C3%A0-vendre
animalsouk.ma,cheval-frison-pour-d%C3%A9butants-et-novices,cheval frison pour débutants et novices,15000,MAD,"casablanca
							

								●

							il y a 2 ans",Cheval,,,https://www.animalsouk.ma/cheval-frison-pour-d%C3%A9butants-et-novices
animalsouk.ma,2-chevaux-pur-sang-agadir,2 chevaux pur-sang agadir,0,MAD,"agadir
							

								●

							il y a 2 ans",Cheval,,,https://www.animalsouk.ma/2-chevaux-pur-sang-agadir
animalsouk.ma,Pur-sang-arabe-8027,Pur sang arabe,45000,MAD,"marrakech
							

								●

							il y a 2 ans",Cheval,,,https://www.animalsouk.ma/Pur-sang-arabe-8027
animalsouk.ma,%C3%89talon-barbe--arabe,Étalon barbe- arabe,7000,MAD,"essaouira
							

								●

							il y a 2 ans",Cheval,,,https://www.animalsouk.ma/%C3%89talon-barbe--arabe
animalsouk.ma,Arabe-barbe-%D8%A7%D9%84%D8%AA%D8%A8%D9%88%D8%B1%D9%8A%D8%AF%D8%A9,Arabe barbe التبوريدة,55000,MAD,"settat
							

								●

							il y a 2 ans",Cheval,,,https://www.animalsouk.ma/Arabe-barbe-%D8%A7%D9%84%D8%AA%D8%A8%D9%88%D8%B1%D9%8A%D8%AF%D8%A9
animalsouk.ma,Pur-sang-arabe-7297,Pur sang arabe,78000,MAD,"settat
							

								●

							il y a 2 ans",Cheval,,,https://www.animalsouk.ma/Pur-sang-arabe-7297
animalsouk.ma,cheval-de-promonade,cheval de promonade,3650,MAD,"tanger
							

								●

							il y a 2 ans",Cheval,,,https://www.animalsouk.ma/cheval-de-promonade
animalsouk.ma,Cheval-frison-noir-guapo-pour-votre-famille,Cheval frison noir guapo pour votre famille,15000,MAD,"casablanca
							

								●

							il y a 2 ans",Cheval,,,https://www.animalsouk.ma/Cheval-frison-noir-guapo-pour-votre-famille
animalsouk.ma,jeune-cheval-de-la-famille-frisonne-de-sept-ans,jeune cheval de la famille frisonne de sept ans,30000,MAD,"casablanca
							

								●

							il y a 2 ans",Cheval,,,https://www.animalsouk.ma/jeune-cheval-de-la-famille-frisonne-de-sept-ans
animalsouk.ma,Magnifiques-chevaux-de-compagnie-pour-le-bonheur-des-petits-et-des-grands,Magnifiques chevaux de compagnie pour le bonheur des pet...,0,MAD,"sefrou
							

								●

							il y a 2 ans",Cheval,,,https://www.animalsouk.ma/Magnifiques-chevaux-de-compagnie-pour-le-bonheur-des-petits-et-des-grands
animalsouk.ma,himaroun,Un âne à vendre,1587,MAD,"agadir
							

								●

							il y a 3 ans",Cheval,,,https://www.animalsouk.ma/himaroun
animalsouk.ma,Selle-cheval,Selle cheval,2800,MAD,"kenitra
							

								●

							il y a 3 ans",Cheval,,,https://www.animalsouk.ma/Selle-cheval
animalsouk.ma,Abreuvoir-inox-4190,Abreuvoir inox,650,MAD,"bouznika
							

								●

							il y a 3 ans",Cheval,,,https://www.animalsouk.ma/Abreuvoir-inox-4190
animalsouk.ma,Cheval-barbe-arabe-%C3%A0-vendre-3321,Cheval barbe arabe à vendre,1,MAD,"casablanca
							

								●

							il y a 3 ans",Cheval,,,https://www.animalsouk.ma/Cheval-barbe-arabe-%C3%A0-vendre-3321
animalsouk.ma,Jument-Arabe-Barbe,Jument Arabe Barbe,15000,MAD,"casablanca
							

								●

							il y a 3 ans",Cheval,,,https://www.animalsouk.ma/Jument-Arabe-Barbe
animalsouk.ma,jument,jument,15000,MAD,"casablanca
							

								●

							il y a 3 ans",Cheval,,,https://www.animalsouk.ma/jument
animalsouk.ma,Poney,Poney,0,MAD,"casablanca
							

								●

							il y a 4 ans",Cheval,,,https://www.animalsouk.ma/Poney
animalsouk.ma,Arabe-barbe-%D8%B9%D9%88%D8%AF-%D8%B9%D8%B1%D8%A8%D9%8A-%D8%A8%D8%B1%D8%A8%D8%B1%D9%8A-%D9%84%D9%84%D8%A8%D9%8A%D8%B9,Arabe barbe عود عربي بربري للبيع,40000,MAD,"agadir
							

								●

							il y a 4 ans",Cheval,,,https://www.animalsouk.ma/Arabe-barbe-%D8%B9%D9%88%D8%AF-%D8%B9%D8%B1%D8%A8%D9%8A-%D8%A8%D8%B1%D8%A8%D8%B1%D9%8A-%D9%84%D9%84%D8%A8%D9%8A%D8%B9
animalsouk.ma,Cheval-Arabe-barbe-%D8%B9%D9%88%D8%AF%D8%A9-%D9%84%D9%84%D8%A8%D9%8A%D8%B9,Cheval Arabe barbe عودة للبيع,15000,MAD,"agadir
							

								●

							il y a 4 ans",Cheval,,,https://www.animalsouk.ma/Cheval-Arabe-barbe-%D8%B9%D9%88%D8%AF%D8%A9-%D9%84%D9%84%D8%A8%D9%8A%D8%B9
animalsouk.ma,Cheval-Arabe-barbe,Cheval Arabe barbe,22000,MAD,"agadir
							

								●

							il y a 4 ans",Cheval,,,https://www.animalsouk.ma/Cheval-Arabe-barbe
animalsouk.ma,%D8%B9%D8%B1%D8%A8%D9%8A-%D8%A3%D8%B5%D9%8A%D9%84-pur-sang-arabe,عربي أصيل pur-sang arabe,50000,MAD,"agadir
							

								●

							il y a 4 ans",Cheval,,,https://www.animalsouk.ma/%D8%B9%D8%B1%D8%A8%D9%8A-%D8%A3%D8%B5%D9%8A%D9%84-pur-sang-arabe
animalsouk.ma,Arabe-barbe,Arabe barbe,50000,MAD,"agadir
							

								●

							il y a 4 ans",Cheval,,,https://www.animalsouk.ma/Arabe-barbe
animalsouk.ma,Cheval-%C3%A0-vendre,Cheval à vendre,15000,MAD,"sale
							

								●

							il y a 4 ans",Cheval,,,https://www.animalsouk.ma/Cheval-%C3%A0-vendre
animalsouk.ma,Selle,Selle,2600,MAD,"tetouan
							

								●

							il y a 4 ans",Cheval,,,https://www.animalsouk.ma/Selle
animalsouk.ma,Cheval-620,Cheval,37000,MAD,"el jadida
							

								●

							il y a 4 ans",Cheval,,,https://www.animalsouk.ma/Cheval-620
animalsouk.ma,Cheval,Cheval,15000,MAD,"el jadida
							

								●

							il y a 4 ans",Cheval,,,https://www.animalsouk.ma/Cheval
animo.ma,2204-%C3%89talon-pour-sang-arabe,Étalon pour sang arabe,80000,MAD,Settat,Cheval,,,https://animo.ma/annonces/single/2204-%C3%89talon-pour-sang-arabe
animo.ma,2057-cheval-frison-pour-d%C3%A9butants-et-novices,cheval frison pour débutants et novices,17000,MAD,Casablanca,Cheval,,,https://animo.ma/annonces/single/2057-cheval-frison-pour-d%C3%A9butants-et-novices
animo.ma,1921-cheval-frison-noir-guapo-pour-votre-famille,cheval frison noir guapo pour votre famille,15000,MAD,Rabat,Cheval,,,https://animo.ma/annonces/single/1921-cheval-frison-noir-guapo-pour-votre-famille
animo.ma,1891-CHEVAL-ARABE-BARBE-DRESSE-TBOURIDA,CHEVAL ARABE BARBE DRESSE TBOURIDA,40000,MAD,Settat,Cheval,,,https://animo.ma/annonces/single/1891-CHEVAL-ARABE-BARBE-DRESSE-TBOURIDA
animo.ma,"1586-Mis-en-ventre-d%E2%80%99un-cheval-CSM-,-parfait-pour-saut-d%E2%80%99obstacle","Mis en ventre d’un cheval CSM , parfait pour saut d’obstacle",55000,MAD,Salé,Cheval,,,"https://animo.ma/annonces/single/1586-Mis-en-ventre-d%E2%80%99un-cheval-CSM-,-parfait-pour-saut-d%E2%80%99obstacle"
animo.ma,1394-%D8%B3%D9%88%D8%B1%D9%88%D8%AC,سوروج,1750,MAD,Autres,Cheval,,,https://animo.ma/annonces/single/1394-%D8%B3%D9%88%D8%B1%D9%88%D8%AC
animo.ma,1325-Un-cheval-%C3%A0-vendre-pour-raison-d%E2%80%99%C3%A9tudes,Un cheval à vendre pour raison d’études,30000,MAD,Rabat,Cheval,,,https://animo.ma/annonces/single/1325-Un-cheval-%C3%A0-vendre-pour-raison-d%E2%80%99%C3%A9tudes
animo.ma,1292-Arabo--frison-4ans,Arabo- frison 4ans,50000,MAD,Kénitra,Cheval,,,https://animo.ma/annonces/single/1292-Arabo--frison-4ans
animo.ma,1280-%D9%84%D9%84%D8%A8%D9%8A%D8%B9-7-%D8%B3%D9%86%D9%88%D8%A7%D8%AA-%D8%A8%D8%AF%D9%88%D9%86-%D8%A3%D9%88%D8%B1%D8%A7%D9%82-,للبيع 7 سنوات بدون أوراق,50000,MAD,Casablanca,Cheval,,,https://animo.ma/annonces/single/1280-%D9%84%D9%84%D8%A8%D9%8A%D8%B9-7-%D8%B3%D9%86%D9%88%D8%A7%D8%AA-%D8%A8%D8%AF%D9%88%D9%86-%D8%A3%D9%88%D8%B1%D8%A7%D9%82-
animo.ma,1235-vente-chevaux-pur-sang-arabe,vente chevaux pur sang arabe,15000,MAD,Rabat,Cheval,,,https://animo.ma/annonces/single/1235-vente-chevaux-pur-sang-arabe
elevageaumaroc.com,388,cheval de balade,365000,MAD,Tanger,Cheval,,,"https://www.elevageaumaroc.com/fr/annonces/ad/chevaux-poneys,4/tanger,37l/cheval-de-balade,388"
elevageaumaroc.com,385,jeune cheval de la famille frisonne de sept ans,3000000,MAD,Casablanca,Cheval,,,"https://www.elevageaumaroc.com/fr/annonces/ad/chevaux-poneys,4/casablanca,496l/jeune-cheval-de-la-famille-frisonne-de-sept-ans,385"
elevageaumaroc.com,350,MAGNIFIQUE DOUBLE PONEY,1700000,MAD,Marrakech,Cheval,,,"https://www.elevageaumaroc.com/fr/annonces/ad/chevaux-poneys,4/marrakech,1303l/magnifique-double-poney,350"
elevageaumaroc.com,349,magnifique cheval de loisir a vendre,2500000,MAD,Marrakech,Cheval,,,"https://www.elevageaumaroc.com/fr/annonces/ad/chevaux-poneys,4/marrakech,1303l/magnifique-cheval-de-loisir-a-vendre,349"
elevageaumaroc.com,348,vente magnifique ENTIER,2500000,MAD,Marrakech-Safi,Cheval,,,"https://www.elevageaumaroc.com/fr/annonces/ad/chevaux-poneys,4/marrakech-safi,7l/vente-magnifique-entier,348"
elevageaumaroc.com,307,Tricolore du lotti,15000000,MAD,Rabat,Cheval,,,"https://www.elevageaumaroc.com/fr/annonces/ad/chevaux-poneys,4/rabat,1578l/tricolore-du-lotti,307"
elevageaumaroc.com,285,Vente de poney,1300000,MAD,Marrakech-Safi,Cheval,,,"https://www.elevageaumaroc.com/fr/annonces/ad/chevaux-poneys,4/marrakech-safi,7l/vente-de-poney,285"
elevageaumaroc.com,235,Poney,350000,MAD,Fès,Cheval,,,"https://www.elevageaumaroc.com/fr/annonces/ad/chevaux-poneys,4/fes,1464l/poney,235"
elevageaumaroc.com,171,عاود المليح,2000000,MAD,Oulad Azzouz,Cheval,,,"https://www.elevageaumaroc.com/fr/annonces/ad/chevaux-poneys,4/oulad-azzouz,445l/,171"
elevageaumaroc.com,98,عودة,600000,MAD,Zaio,Cheval,,,"https://www.elevageaumaroc.com/fr/annonces/ad/chevaux-poneys,4/zaio,200l/,98"
elevageaumaroc.com,67,POULICHE 1 AN ET 2 ANS,700000,MAD,Oulad Aissa,Cheval,,,"https://www.elevageaumaroc.com/fr/annonces/ad/chevaux-poneys,4/oulad-aissa,566l/pouliche-1-an-et-2-ans,67"
elevageaumaroc.com,58,Poney,1500000,MAD,Hrara,Cheval,,,"https://www.elevageaumaroc.com/fr/annonces/ad/chevaux-poneys,4/hrara,1143l/poney,58"
elevageaumaroc.com,25,عود دهم ابي,4000000,MAD,Er-rissani,Cheval,,,"https://www.elevageaumaroc.com/fr/annonces/ad/chevaux-poneys,4/er-rissani,688l/,25"
elevageaumaroc.com,6,Poney femelle,2000000,MAD,Casablanca-Settat,Cheval,,,"https://www.elevageaumaroc.com/fr/annonces/ad/chevaux-poneys,4/casablanca-settat,6l/poney-femelle,6"
